BEGIN TRANSACTION;
CREATE TABLE "admin_interface_theme" ("id" integer NOT NULL PRIMARY KEY AUTOINCREMENT, "name" varchar(50) NOT NULL UNIQUE, "active" bool NOT NULL, "title" varchar(50) NOT NULL, "title_visible" bool NOT NULL, "logo" varchar(100) NOT NULL, "logo_visible" bool NOT NULL, "css_header_background_color" varchar(10) NOT NULL, "css_header_text_color" varchar(10) NOT NULL, "css_header_link_color" varchar(10) NOT NULL, "css_header_link_hover_color" varchar(10) NOT NULL, "css_module_background_color" varchar(10) NOT NULL, "css_module_text_color" varchar(10) NOT NULL, "css_module_link_color" varchar(10) NOT NULL, "css_module_link_hover_color" varchar(10) NOT NULL, "css_module_rounded_corners" bool NOT NULL, "css_generic_link_color" varchar(10) NOT NULL, "css_generic_link_hover_color" varchar(10) NOT NULL, "css_save_button_background_color" varchar(10) NOT NULL, "css_save_button_background_hover_color" varchar(10) NOT NULL, "css_save_button_text_color" varchar(10) NOT NULL, "css_delete_button_background_color" varchar(10) NOT NULL, "css_delete_button_background_hover_color" varchar(10) NOT NULL, "css_delete_button_text_color" varchar(10) NOT NULL, "list_filter_dropdown" bool NOT NULL, "related_modal_active" bool NOT NULL, "related_modal_background_color" varchar(10) NOT NULL, "related_modal_rounded_corners" bool NOT NULL, "logo_color" varchar(10) NOT NULL, "title_color" varchar(10) NOT NULL, "recent_actions_visible" bool NOT NULL, "favicon" varchar(100) NOT NULL, "related_modal_background_opacity" varchar(5) NOT NULL, "env_name" varchar(50) NOT NULL, "env_color" varchar(10) NOT NULL, "env_visible_in_header" bool NOT NULL, "env_visible_in_favicon" bool NOT NULL, "related_modal_close_button_visible" bool NOT NULL, "language_chooser_active" bool NOT NULL, "language_chooser_display" varchar(10) NOT NULL, "list_filter_sticky" bool NOT NULL, "form_pagination_sticky" bool NOT NULL, "form_submit_sticky" bool NOT NULL, "css_module_background_selected_color" varchar(10) NOT NULL, "css_module_link_selected_color" varchar(10) NOT NULL, "logo_max_height" smallint unsigned NOT NULL CHECK ("logo_max_height" >= 0), "logo_max_width" smallint unsigned NOT NULL CHECK ("logo_max_width" >= 0), "foldable_apps" bool NOT NULL, "language_chooser_control" varchar(20) NOT NULL, "list_filter_highlight" bool NOT NULL, "list_filter_removal_links" bool NOT NULL, "show_fieldsets_as_tabs" bool NOT NULL, "show_inlines_as_tabs" bool NOT NULL, "css_generic_link_active_color" varchar(10) NOT NULL, "collapsible_stacked_inlines" bool NOT NULL, "collapsible_stacked_inlines_collapsed" bool NOT NULL, "collapsible_tabular_inlines" bool NOT NULL, "collapsible_tabular_inlines_collapsed" bool NOT NULL);
INSERT INTO "admin_interface_theme" VALUES(1,'Django',1,'Django administration',1,'',1,'#0C4B33','#44B78B','#FFFFFF','#C9F0DD','#44B78B','#FFFFFF','#FFFFFF','#C9F0DD',1,'#0C3C26','#156641','#0C4B33','#0C3C26','#FFFFFF','#BA2121','#A41515','#FFFFFF',1,1,'#000000',1,'#FFFFFF','#F5DD5D',1,'','0.3','','#E74C3C',1,1,1,1,'code',1,0,0,'#FFFFCC','#FFFFFF',100,400,1,'default-select',1,0,0,0,'#29B864',0,1,0,1);
CREATE TABLE "auth_group" ("id" integer NOT NULL PRIMARY KEY AUTOINCREMENT, "name" varchar(150) NOT NULL UNIQUE);
CREATE TABLE "auth_group_permissions" ("id" integer NOT NULL PRIMARY KEY AUTOINCREMENT, "group_id" integer NOT NULL REFERENCES "auth_group" ("id") DEFERRABLE INITIALLY DEFERRED, "permission_id" integer NOT NULL REFERENCES "auth_permission" ("id") DEFERRABLE INITIALLY DEFERRED);
CREATE TABLE "auth_permission" ("id" integer NOT NULL PRIMARY KEY AUTOINCREMENT, "content_type_id" integer NOT NULL REFERENCES "django_content_type" ("id") DEFERRABLE INITIALLY DEFERRED, "codename" varchar(100) NOT NULL, "name" varchar(255) NOT NULL);
INSERT INTO "auth_permission" VALUES(1,1,'add_theme','Can add Theme');
INSERT INTO "auth_permission" VALUES(2,1,'change_theme','Can change Theme');
INSERT INTO "auth_permission" VALUES(3,1,'delete_theme','Can delete Theme');
INSERT INTO "auth_permission" VALUES(4,1,'view_theme','Can view Theme');
INSERT INTO "auth_permission" VALUES(5,2,'add_logentry','Can add log entry');
INSERT INTO "auth_permission" VALUES(6,2,'change_logentry','Can change log entry');
INSERT INTO "auth_permission" VALUES(7,2,'delete_logentry','Can delete log entry');
INSERT INTO "auth_permission" VALUES(8,2,'view_logentry','Can view log entry');
INSERT INTO "auth_permission" VALUES(9,3,'add_permission','Can add permission');
INSERT INTO "auth_permission" VALUES(10,3,'change_permission','Can change permission');
INSERT INTO "auth_permission" VALUES(11,3,'delete_permission','Can delete permission');
INSERT INTO "auth_permission" VALUES(12,3,'view_permission','Can view permission');
INSERT INTO "auth_permission" VALUES(13,4,'add_group','Can add group');
INSERT INTO "auth_permission" VALUES(14,4,'change_group','Can change group');
INSERT INTO "auth_permission" VALUES(15,4,'delete_group','Can delete group');
INSERT INTO "auth_permission" VALUES(16,4,'view_group','Can view group');
INSERT INTO "auth_permission" VALUES(17,5,'add_contenttype','Can add content type');
INSERT INTO "auth_permission" VALUES(18,5,'change_contenttype','Can change content type');
INSERT INTO "auth_permission" VALUES(19,5,'delete_contenttype','Can delete content type');
INSERT INTO "auth_permission" VALUES(20,5,'view_contenttype','Can view content type');
INSERT INTO "auth_permission" VALUES(21,6,'add_session','Can add session');
INSERT INTO "auth_permission" VALUES(22,6,'change_session','Can change session');
INSERT INTO "auth_permission" VALUES(23,6,'delete_session','Can delete session');
INSERT INTO "auth_permission" VALUES(24,6,'view_session','Can view session');
INSERT INTO "auth_permission" VALUES(25,7,'add_token','Can add Token');
INSERT INTO "auth_permission" VALUES(26,7,'change_token','Can change Token');
INSERT INTO "auth_permission" VALUES(27,7,'delete_token','Can delete Token');
INSERT INTO "auth_permission" VALUES(28,7,'view_token','Can view Token');
INSERT INTO "auth_permission" VALUES(29,8,'add_tokenproxy','Can add Token');
INSERT INTO "auth_permission" VALUES(30,8,'change_tokenproxy','Can change Token');
INSERT INTO "auth_permission" VALUES(31,8,'delete_tokenproxy','Can delete Token');
INSERT INTO "auth_permission" VALUES(32,8,'view_tokenproxy','Can view Token');
INSERT INTO "auth_permission" VALUES(33,9,'add_user','Can add user');
INSERT INTO "auth_permission" VALUES(34,9,'change_user','Can change user');
INSERT INTO "auth_permission" VALUES(35,9,'delete_user','Can delete user');
INSERT INTO "auth_permission" VALUES(36,9,'view_user','Can view user');
INSERT INTO "auth_permission" VALUES(37,10,'add_thread','Can add thread');
INSERT INTO "auth_permission" VALUES(38,10,'change_thread','Can change thread');
INSERT INTO "auth_permission" VALUES(39,10,'delete_thread','Can delete thread');
INSERT INTO "auth_permission" VALUES(40,10,'view_thread','Can view thread');
INSERT INTO "auth_permission" VALUES(41,11,'add_message','Can add message');
INSERT INTO "auth_permission" VALUES(42,11,'change_message','Can change message');
INSERT INTO "auth_permission" VALUES(43,11,'delete_message','Can delete message');
INSERT INTO "auth_permission" VALUES(44,11,'view_message','Can view message');
CREATE TABLE "authtoken_token" ("key" varchar(40) NOT NULL PRIMARY KEY, "created" datetime NOT NULL, "user_id" bigint NOT NULL UNIQUE REFERENCES "base_user" ("id") DEFERRABLE INITIALLY DEFERRED);
CREATE TABLE "base_user" ("id" integer NOT NULL PRIMARY KEY AUTOINCREMENT, "password" varchar(128) NOT NULL, "last_login" datetime NULL, "is_superuser" bool NOT NULL, "first_name" varchar(150) NOT NULL, "last_name" varchar(150) NOT NULL, "is_staff" bool NOT NULL, "is_active" bool NOT NULL, "date_joined" datetime NOT NULL, "username" varchar(255) NULL, "email" varchar(254) NOT NULL UNIQUE);
INSERT INTO "base_user" VALUES(1,'pbkdf2_sha256$600000$eZZvzvhOy1InI4DBsjWT8L$I80QqHMzJ/O/qQuGWwUDzTa3ADjF+/hvXDJ5/PRsgM8=','2024-06-07 13:30:10.793625',1,'','',1,1,'2024-06-07 13:09:36.999924',NULL,'admin@admin.com');
INSERT INTO "base_user" VALUES(6,'pbkdf2_sha256$600000$jf9jU4IVLEmQXc5PClOgbb$ln4JWP06OZeCdBQWY5y5rk1v/aOIFjaQMkWEcVjPHhA=',NULL,0,'','',0,1,'2024-06-07 16:26:13.433816',NULL,'petro@gmail.com');
INSERT INTO "base_user" VALUES(7,'pbkdf2_sha256$600000$7fM3Ax55g1K8PPnecLLrHr$JfikNOA38C8ePCDV0MPVVAPq/ZPhKyO/klPjx5gGqc0=',NULL,0,'','',0,1,'2024-06-07 16:26:27.669983',NULL,'taras@gmail.com');
INSERT INTO "base_user" VALUES(8,'pbkdf2_sha256$600000$yCQfT4qDGGJJfRlsNWQO14$K/wMIDPVF70U6kifpEvB7sCdSMr9qpZPSyumchupPGA=',NULL,0,'','',0,1,'2024-06-07 16:28:06.912819',NULL,'roman@gmail.com');
INSERT INTO "base_user" VALUES(9,'pbkdf2_sha256$600000$g5h6ROI5r2ZC37gukKXWQZ$qWNSS3udYBuVlRli3URh0VRIA+UYOq9248kbAZTV6NM=',NULL,0,'','',0,1,'2024-06-07 16:28:22.260184',NULL,'maxim@gmail.com');
CREATE TABLE "base_user_groups" ("id" integer NOT NULL PRIMARY KEY AUTOINCREMENT, "user_id" bigint NOT NULL REFERENCES "base_user" ("id") DEFERRABLE INITIALLY DEFERRED, "group_id" integer NOT NULL REFERENCES "auth_group" ("id") DEFERRABLE INITIALLY DEFERRED);
CREATE TABLE "base_user_user_permissions" ("id" integer NOT NULL PRIMARY KEY AUTOINCREMENT, "user_id" bigint NOT NULL REFERENCES "base_user" ("id") DEFERRABLE INITIALLY DEFERRED, "permission_id" integer NOT NULL REFERENCES "auth_permission" ("id") DEFERRABLE INITIALLY DEFERRED);
CREATE TABLE "chat_message" ("id" integer NOT NULL PRIMARY KEY AUTOINCREMENT, "created_at" datetime NOT NULL, "text" text NOT NULL, "is_read" bool NOT NULL, "sender_id" bigint NOT NULL REFERENCES "base_user" ("id") DEFERRABLE INITIALLY DEFERRED, "thread_id" integer NOT NULL REFERENCES "chat_thread" ("id") DEFERRABLE INITIALLY DEFERRED);
INSERT INTO "chat_message" VALUES(9,'2024-06-07 16:30:57.757855','Привіт, Романе, Максиме! Як справи?',1,7,27);
INSERT INTO "chat_message" VALUES(10,'2024-06-07 16:31:20.240335','Привіт, Тарасе! Все добре, дякую. Як ти?',1,8,23);
INSERT INTO "chat_message" VALUES(11,'2024-06-07 16:31:30.685073','Привіт усім! У мене теж все гаразд. Як ваші проєкти?',0,9,23);
INSERT INTO "chat_message" VALUES(12,'2024-06-07 16:31:40.468145','У мене зараз дуже цікавий проєкт. Ми працюємо над новим застосунком для управління завданнями. А ви чим займаєтесь?',0,7,23);
INSERT INTO "chat_message" VALUES(13,'2024-06-07 16:31:51.604671','Я зараз займаюсь розробкою веб-сайту для однієї великої компанії. Вони хочуть щось дуже сучасне та інтерактивне. Дуже багато роботи, але цікаво.',0,8,23);
INSERT INTO "chat_message" VALUES(14,'2024-06-07 16:32:05.545392','Я теж працюю над цікавим проєктом. Ми створюємо систему для автоматизації бізнес-процесів. Вона повинна допомогти компаніям зекономити час та ресурси.',0,9,23);
INSERT INTO "chat_message" VALUES(15,'2024-06-07 16:32:24.701926','Звучить круто! До речі, чи ви чули про новий фреймворк, який нещодавно вийшов? Кажуть, що він дуже зручний для створення веб-застосунків.',0,7,23);
INSERT INTO "chat_message" VALUES(16,'2024-06-07 16:32:36.722234','Так, я читав про нього. Називається він Svelte. Він дуже легкий і швидкий, що робить його ідеальним для інтерактивних інтерфейсів.',0,8,23);
INSERT INTO "chat_message" VALUES(17,'2024-06-07 16:34:00.813647','Привіт, Петре! Давно не бачилися. Як справи?',1,7,24);
INSERT INTO "chat_message" VALUES(18,'2024-06-07 16:34:13.279443','Привіт, Тарасе! Все добре, дякую. А як ти? Чим займаєшся останнім часом?',1,6,24);
INSERT INTO "chat_message" VALUES(19,'2024-06-07 16:35:40.099141','У мене все добре. Останнім часом захопився машинами. Купив собі новий автомобіль.',1,7,24);
INSERT INTO "chat_message" VALUES(20,'2024-06-07 16:35:51.568557','Це цікаво! Яку машину ти купив?',1,6,24);
INSERT INTO "chat_message" VALUES(21,'2024-06-07 16:36:04.253784','Взяв собі BMW X5. Вона просто чудова! Дуже комфортна та потужна.',0,7,24);
CREATE TABLE "chat_thread" ("id" integer NOT NULL PRIMARY KEY AUTOINCREMENT, "created_at" datetime NOT NULL, "updated_at" datetime NOT NULL);
INSERT INTO "chat_thread" VALUES(23,'2024-06-07 16:28:32.704752','2024-06-07 16:28:32.704752');
INSERT INTO "chat_thread" VALUES(24,'2024-06-07 16:28:37.424034','2024-06-07 16:28:37.424034');
INSERT INTO "chat_thread" VALUES(25,'2024-06-07 16:28:42.243135','2024-06-07 16:28:42.243685');
INSERT INTO "chat_thread" VALUES(26,'2024-06-07 16:28:48.269507','2024-06-07 16:28:48.269507');
INSERT INTO "chat_thread" VALUES(27,'2024-06-07 16:28:53.869368','2024-06-07 16:28:53.869368');
CREATE TABLE "chat_thread_participants" ("id" integer NOT NULL PRIMARY KEY AUTOINCREMENT, "thread_id" integer NOT NULL REFERENCES "chat_thread" ("id") DEFERRABLE INITIALLY DEFERRED, "user_id" bigint NOT NULL REFERENCES "base_user" ("id") DEFERRABLE INITIALLY DEFERRED);
INSERT INTO "chat_thread_participants" VALUES(54,23,8);
INSERT INTO "chat_thread_participants" VALUES(55,23,9);
INSERT INTO "chat_thread_participants" VALUES(56,23,7);
INSERT INTO "chat_thread_participants" VALUES(57,24,6);
INSERT INTO "chat_thread_participants" VALUES(58,24,7);
INSERT INTO "chat_thread_participants" VALUES(59,25,8);
INSERT INTO "chat_thread_participants" VALUES(60,25,9);
INSERT INTO "chat_thread_participants" VALUES(61,26,1);
INSERT INTO "chat_thread_participants" VALUES(62,26,6);
INSERT INTO "chat_thread_participants" VALUES(63,26,7);
INSERT INTO "chat_thread_participants" VALUES(64,26,8);
INSERT INTO "chat_thread_participants" VALUES(65,26,9);
INSERT INTO "chat_thread_participants" VALUES(66,27,1);
INSERT INTO "chat_thread_participants" VALUES(67,27,6);
INSERT INTO "chat_thread_participants" VALUES(68,27,7);
CREATE TABLE "django_admin_log" ("id" integer NOT NULL PRIMARY KEY AUTOINCREMENT, "object_id" text NULL, "object_repr" varchar(200) NOT NULL, "action_flag" smallint unsigned NOT NULL CHECK ("action_flag" >= 0), "change_message" text NOT NULL, "content_type_id" integer NULL REFERENCES "django_content_type" ("id") DEFERRABLE INITIALLY DEFERRED, "user_id" bigint NOT NULL REFERENCES "base_user" ("id") DEFERRABLE INITIALLY DEFERRED, "action_time" datetime NOT NULL);
INSERT INTO "django_admin_log" VALUES(1,'1','Thread with no participants',1,'[{"added": {}}]',10,1,'2024-06-07 13:36:31.675897');
INSERT INTO "django_admin_log" VALUES(2,'1','Thread with no participants',3,'',10,1,'2024-06-07 13:36:45.915903');
INSERT INTO "django_admin_log" VALUES(3,'2','Thread object (2)',1,'[{"added": {}}]',10,1,'2024-06-07 13:40:28.730328');
INSERT INTO "django_admin_log" VALUES(4,'2','Thread object (2)',3,'',10,1,'2024-06-07 13:40:34.907706');
INSERT INTO "django_admin_log" VALUES(5,'3','Thread object (3)',1,'[{"added": {}}]',10,1,'2024-06-07 13:45:01.189702');
INSERT INTO "django_admin_log" VALUES(6,'3','Thread object (3)',3,'',10,1,'2024-06-07 13:45:10.405260');
INSERT INTO "django_admin_log" VALUES(7,'4','Thread object (4)',1,'[{"added": {}}]',10,1,'2024-06-07 13:45:43.036114');
INSERT INTO "django_admin_log" VALUES(8,'5','Thread object (5)',1,'[{"added": {}}]',10,1,'2024-06-07 13:46:08.475720');
INSERT INTO "django_admin_log" VALUES(9,'5','Thread object (5)',3,'',10,1,'2024-06-07 13:46:46.343560');
INSERT INTO "django_admin_log" VALUES(10,'4','Thread object (4)',3,'',10,1,'2024-06-07 13:46:46.377343');
INSERT INTO "django_admin_log" VALUES(11,'6','Thread object (6)',1,'[{"added": {}}]',10,1,'2024-06-07 13:50:26.179651');
INSERT INTO "django_admin_log" VALUES(12,'7','Thread object (7)',1,'[{"added": {}}]',10,1,'2024-06-07 13:52:48.878693');
INSERT INTO "django_admin_log" VALUES(13,'7','Thread object (7)',3,'',10,1,'2024-06-07 13:52:56.440554');
INSERT INTO "django_admin_log" VALUES(14,'6','Thread object (6)',3,'',10,1,'2024-06-07 13:52:56.476518');
INSERT INTO "django_admin_log" VALUES(15,'8','Thread object (8)',1,'[{"added": {}}]',10,1,'2024-06-07 13:53:00.600069');
INSERT INTO "django_admin_log" VALUES(16,'1','text',1,'[{"added": {}}]',11,1,'2024-06-07 14:00:38.292835');
INSERT INTO "django_admin_log" VALUES(17,'1','Lorem Ipsum is simply dummy text of the printing and typesetting industry. Lorem Ipsum has been the ...',2,'[{"changed": {"fields": ["Text"]}}]',11,1,'2024-06-07 14:03:54.156873');
INSERT INTO "django_admin_log" VALUES(18,'1','Lorem Ipsum is simply dummy text of the printing and typesetting industry. Lorem Ipsum has been the ...',2,'[{"changed": {"fields": ["Text"]}}]',11,1,'2024-06-07 14:04:02.501463');
INSERT INTO "django_admin_log" VALUES(19,'2','Message from user1@example.com (2)',1,'[{"added": {}}]',11,1,'2024-06-07 14:10:30.227108');
INSERT INTO "django_admin_log" VALUES(20,'9','user1@example.com - user2@example.com',1,'[{"added": {}}]',10,1,'2024-06-07 14:31:41.831521');
INSERT INTO "django_admin_log" VALUES(21,'10','user2@example.com - user3@example.com',1,'[{"added": {}}]',10,1,'2024-06-07 14:44:04.025658');
INSERT INTO "django_admin_log" VALUES(22,'10','10: admin@admin.com - user3@example.com',2,'[{"changed": {"fields": ["Participants"]}}]',10,1,'2024-06-07 15:06:00.080570');
INSERT INTO "django_admin_log" VALUES(23,'9','9: admin@admin.com - user1@example.com',2,'[{"changed": {"fields": ["Participants"]}}]',10,1,'2024-06-07 15:08:58.465200');
INSERT INTO "django_admin_log" VALUES(24,'12','12: admin@admin.com - user@example.com',3,'',10,1,'2024-06-07 15:19:54.832612');
INSERT INTO "django_admin_log" VALUES(25,'14','14: admin@admin.com - user@example.com',3,'',10,1,'2024-06-07 15:30:12.954088');
INSERT INTO "django_admin_log" VALUES(26,'13','13: admin@admin.com - user@example.com',3,'',10,1,'2024-06-07 15:30:12.990990');
INSERT INTO "django_admin_log" VALUES(27,'19','19: admin@admin.com - user@example.com',3,'',10,1,'2024-06-07 15:33:32.518848');
INSERT INTO "django_admin_log" VALUES(28,'18','18: admin@admin.com - user@example.com',3,'',10,1,'2024-06-07 15:33:32.526823');
INSERT INTO "django_admin_log" VALUES(29,'17','17: admin@admin.com - user@example.com',3,'',10,1,'2024-06-07 15:33:32.532824');
INSERT INTO "django_admin_log" VALUES(30,'16','16: admin@admin.com - user@example.com',3,'',10,1,'2024-06-07 15:33:32.538827');
INSERT INTO "django_admin_log" VALUES(31,'15','15: admin@admin.com - user@example.com',3,'',10,1,'2024-06-07 15:33:32.543828');
INSERT INTO "django_admin_log" VALUES(32,'5','user3@example.com',3,'',9,1,'2024-06-07 16:24:35.004112');
INSERT INTO "django_admin_log" VALUES(33,'4','user2@example.com',3,'',9,1,'2024-06-07 16:24:35.012815');
INSERT INTO "django_admin_log" VALUES(34,'3','user1@example.com',3,'',9,1,'2024-06-07 16:24:35.021138');
INSERT INTO "django_admin_log" VALUES(35,'2','user@example.com',3,'',9,1,'2024-06-07 16:24:35.028974');
INSERT INTO "django_admin_log" VALUES(36,'22','22: admin@admin.com',3,'',10,1,'2024-06-07 16:24:48.289645');
INSERT INTO "django_admin_log" VALUES(37,'21','No participants',3,'',10,1,'2024-06-07 16:24:48.329449');
INSERT INTO "django_admin_log" VALUES(38,'20','20: admin@admin.com',3,'',10,1,'2024-06-07 16:24:48.336450');
INSERT INTO "django_admin_log" VALUES(39,'11','11: admin@admin.com',3,'',10,1,'2024-06-07 16:24:48.343449');
INSERT INTO "django_admin_log" VALUES(40,'10','10: admin@admin.com',3,'',10,1,'2024-06-07 16:24:48.351376');
INSERT INTO "django_admin_log" VALUES(41,'9','9: admin@admin.com',3,'',10,1,'2024-06-07 16:24:48.359005');
INSERT INTO "django_admin_log" VALUES(42,'23','23: taras@gmail.com - roman@gmail.com - maxim@gmail.com',1,'[{"added": {}}]',10,1,'2024-06-07 16:28:32.712836');
INSERT INTO "django_admin_log" VALUES(43,'24','24: petro@gmail.com - taras@gmail.com',1,'[{"added": {}}]',10,1,'2024-06-07 16:28:37.430818');
INSERT INTO "django_admin_log" VALUES(44,'25','25: roman@gmail.com - maxim@gmail.com',1,'[{"added": {}}]',10,1,'2024-06-07 16:28:42.250128');
INSERT INTO "django_admin_log" VALUES(45,'26','26: admin@admin.com - petro@gmail.com - taras@gmail.com - roman@gmail.com - maxim@gmail.com',1,'[{"added": {}}]',10,1,'2024-06-07 16:28:48.276439');
INSERT INTO "django_admin_log" VALUES(46,'27','27: admin@admin.com - petro@gmail.com - taras@gmail.com',1,'[{"added": {}}]',10,1,'2024-06-07 16:28:53.876362');
INSERT INTO "django_admin_log" VALUES(47,'9','Message from taras@gmail.com (9)',1,'[{"added": {}}]',11,1,'2024-06-07 16:30:57.762903');
INSERT INTO "django_admin_log" VALUES(48,'10','Message from roman@gmail.com (10)',1,'[{"added": {}}]',11,1,'2024-06-07 16:31:20.263205');
INSERT INTO "django_admin_log" VALUES(49,'11','Message from maxim@gmail.com (11)',1,'[{"added": {}}]',11,1,'2024-06-07 16:31:30.690039');
INSERT INTO "django_admin_log" VALUES(50,'12','Message from taras@gmail.com (12)',1,'[{"added": {}}]',11,1,'2024-06-07 16:31:40.472670');
INSERT INTO "django_admin_log" VALUES(51,'13','Message from roman@gmail.com (13)',1,'[{"added": {}}]',11,1,'2024-06-07 16:31:51.609026');
INSERT INTO "django_admin_log" VALUES(52,'14','Message from maxim@gmail.com (14)',1,'[{"added": {}}]',11,1,'2024-06-07 16:32:05.548953');
INSERT INTO "django_admin_log" VALUES(53,'15','Message from taras@gmail.com (15)',1,'[{"added": {}}]',11,1,'2024-06-07 16:32:24.706028');
INSERT INTO "django_admin_log" VALUES(54,'16','Message from roman@gmail.com (16)',1,'[{"added": {}}]',11,1,'2024-06-07 16:32:36.726507');
INSERT INTO "django_admin_log" VALUES(55,'17','Message from taras@gmail.com (17)',1,'[{"added": {}}]',11,1,'2024-06-07 16:34:00.819723');
INSERT INTO "django_admin_log" VALUES(56,'18','Message from petro@gmail.com (18)',1,'[{"added": {}}]',11,1,'2024-06-07 16:34:13.284796');
INSERT INTO "django_admin_log" VALUES(57,'19','Message from taras@gmail.com (19)',1,'[{"added": {}}]',11,1,'2024-06-07 16:35:40.103139');
INSERT INTO "django_admin_log" VALUES(58,'20','Message from petro@gmail.com (20)',1,'[{"added": {}}]',11,1,'2024-06-07 16:35:51.571399');
INSERT INTO "django_admin_log" VALUES(59,'21','Message from taras@gmail.com (21)',1,'[{"added": {}}]',11,1,'2024-06-07 16:36:04.256820');
CREATE TABLE "django_content_type" ("id" integer NOT NULL PRIMARY KEY AUTOINCREMENT, "app_label" varchar(100) NOT NULL, "model" varchar(100) NOT NULL);
INSERT INTO "django_content_type" VALUES(1,'admin_interface','theme');
INSERT INTO "django_content_type" VALUES(2,'admin','logentry');
INSERT INTO "django_content_type" VALUES(3,'auth','permission');
INSERT INTO "django_content_type" VALUES(4,'auth','group');
INSERT INTO "django_content_type" VALUES(5,'contenttypes','contenttype');
INSERT INTO "django_content_type" VALUES(6,'sessions','session');
INSERT INTO "django_content_type" VALUES(7,'authtoken','token');
INSERT INTO "django_content_type" VALUES(8,'authtoken','tokenproxy');
INSERT INTO "django_content_type" VALUES(9,'base','user');
INSERT INTO "django_content_type" VALUES(10,'chat','thread');
INSERT INTO "django_content_type" VALUES(11,'chat','message');
CREATE TABLE "django_migrations" ("id" integer NOT NULL PRIMARY KEY AUTOINCREMENT, "app" varchar(255) NOT NULL, "name" varchar(255) NOT NULL, "applied" datetime NOT NULL);
INSERT INTO "django_migrations" VALUES(1,'contenttypes','0001_initial','2024-06-07 13:05:56.500014');
INSERT INTO "django_migrations" VALUES(2,'contenttypes','0002_remove_content_type_name','2024-06-07 13:05:56.511048');
INSERT INTO "django_migrations" VALUES(3,'auth','0001_initial','2024-06-07 13:05:56.529018');
INSERT INTO "django_migrations" VALUES(4,'auth','0002_alter_permission_name_max_length','2024-06-07 13:05:56.541014');
INSERT INTO "django_migrations" VALUES(5,'auth','0003_alter_user_email_max_length','2024-06-07 13:05:56.549014');
INSERT INTO "django_migrations" VALUES(6,'auth','0004_alter_user_username_opts','2024-06-07 13:05:56.557009');
INSERT INTO "django_migrations" VALUES(7,'auth','0005_alter_user_last_login_null','2024-06-07 13:05:56.565014');
INSERT INTO "django_migrations" VALUES(8,'auth','0006_require_contenttypes_0002','2024-06-07 13:05:56.571013');
INSERT INTO "django_migrations" VALUES(9,'auth','0007_alter_validators_add_error_messages','2024-06-07 13:05:56.579013');
INSERT INTO "django_migrations" VALUES(10,'auth','0008_alter_user_username_max_length','2024-06-07 13:05:56.588013');
INSERT INTO "django_migrations" VALUES(11,'auth','0009_alter_user_last_name_max_length','2024-06-07 13:05:56.596014');
INSERT INTO "django_migrations" VALUES(12,'auth','0010_alter_group_name_max_length','2024-06-07 13:05:56.607047');
INSERT INTO "django_migrations" VALUES(13,'auth','0011_update_proxy_permissions','2024-06-07 13:05:56.614014');
INSERT INTO "django_migrations" VALUES(14,'auth','0012_alter_user_first_name_max_length','2024-06-07 13:05:56.623014');
INSERT INTO "django_migrations" VALUES(15,'base','0001_initial','2024-06-07 13:05:56.639054');
INSERT INTO "django_migrations" VALUES(16,'admin','0001_initial','2024-06-07 13:05:56.657018');
INSERT INTO "django_migrations" VALUES(17,'admin','0002_logentry_remove_auto_add','2024-06-07 13:05:56.670660');
INSERT INTO "django_migrations" VALUES(18,'admin','0003_logentry_add_action_flag_choices','2024-06-07 13:05:56.679626');
INSERT INTO "django_migrations" VALUES(19,'admin_interface','0001_initial','2024-06-07 13:05:56.688624');
INSERT INTO "django_migrations" VALUES(20,'admin_interface','0002_add_related_modal','2024-06-07 13:05:56.749658');
INSERT INTO "django_migrations" VALUES(21,'admin_interface','0003_add_logo_color','2024-06-07 13:05:56.762657');
INSERT INTO "django_migrations" VALUES(22,'admin_interface','0004_rename_title_color','2024-06-07 13:05:56.772626');
INSERT INTO "django_migrations" VALUES(23,'admin_interface','0005_add_recent_actions_visible','2024-06-07 13:05:56.783626');
INSERT INTO "django_migrations" VALUES(24,'admin_interface','0006_bytes_to_str','2024-06-07 13:05:56.830627');
INSERT INTO "django_migrations" VALUES(25,'admin_interface','0007_add_favicon','2024-06-07 13:05:56.841658');
INSERT INTO "django_migrations" VALUES(26,'admin_interface','0008_change_related_modal_background_opacity_type','2024-06-07 13:05:56.856626');
INSERT INTO "django_migrations" VALUES(27,'admin_interface','0009_add_enviroment','2024-06-07 13:05:56.873213');
INSERT INTO "django_migrations" VALUES(28,'admin_interface','0010_add_localization','2024-06-07 13:05:56.891247');
INSERT INTO "django_migrations" VALUES(29,'admin_interface','0011_add_environment_options','2024-06-07 13:05:56.925211');
INSERT INTO "django_migrations" VALUES(30,'admin_interface','0012_update_verbose_names','2024-06-07 13:05:56.936213');
INSERT INTO "django_migrations" VALUES(31,'admin_interface','0013_add_related_modal_close_button','2024-06-07 13:05:56.946210');
INSERT INTO "django_migrations" VALUES(32,'admin_interface','0014_name_unique','2024-06-07 13:05:56.957212');
INSERT INTO "django_migrations" VALUES(33,'admin_interface','0015_add_language_chooser_active','2024-06-07 13:05:56.970410');
INSERT INTO "django_migrations" VALUES(34,'admin_interface','0016_add_language_chooser_display','2024-06-07 13:05:56.983374');
INSERT INTO "django_migrations" VALUES(35,'admin_interface','0017_change_list_filter_dropdown','2024-06-07 13:05:56.995408');
INSERT INTO "django_migrations" VALUES(36,'admin_interface','0018_theme_list_filter_sticky','2024-06-07 13:05:57.006408');
INSERT INTO "django_migrations" VALUES(37,'admin_interface','0019_add_form_sticky','2024-06-07 13:05:57.023409');
INSERT INTO "django_migrations" VALUES(38,'admin_interface','0020_module_selected_colors','2024-06-07 13:05:57.047372');
INSERT INTO "django_migrations" VALUES(39,'admin_interface','0021_file_extension_validator','2024-06-07 13:05:57.060401');
INSERT INTO "django_migrations" VALUES(40,'admin_interface','0022_add_logo_max_width_and_height','2024-06-07 13:05:57.076004');
INSERT INTO "django_migrations" VALUES(41,'admin_interface','0023_theme_foldable_apps','2024-06-07 13:05:57.089004');
INSERT INTO "django_migrations" VALUES(42,'admin_interface','0024_remove_theme_css','2024-06-07 13:05:57.098040');
INSERT INTO "django_migrations" VALUES(43,'admin_interface','0025_theme_language_chooser_control','2024-06-07 13:05:57.110005');
INSERT INTO "django_migrations" VALUES(44,'admin_interface','0026_theme_list_filter_highlight','2024-06-07 13:05:57.125008');
INSERT INTO "django_migrations" VALUES(45,'admin_interface','0027_theme_list_filter_removal_links','2024-06-07 13:05:57.137006');
INSERT INTO "django_migrations" VALUES(46,'admin_interface','0028_theme_show_fieldsets_as_tabs_and_more','2024-06-07 13:05:57.161008');
INSERT INTO "django_migrations" VALUES(47,'admin_interface','0029_theme_css_generic_link_active_color','2024-06-07 13:05:57.176003');
INSERT INTO "django_migrations" VALUES(48,'admin_interface','0030_theme_collapsible_stacked_inlines_and_more','2024-06-07 13:05:57.218001');
INSERT INTO "django_migrations" VALUES(49,'authtoken','0001_initial','2024-06-07 13:05:57.230004');
INSERT INTO "django_migrations" VALUES(50,'authtoken','0002_auto_20160226_1747','2024-06-07 13:05:57.264000');
INSERT INTO "django_migrations" VALUES(51,'authtoken','0003_tokenproxy','2024-06-07 13:05:57.270004');
INSERT INTO "django_migrations" VALUES(52,'authtoken','0004_alter_tokenproxy_options','2024-06-07 13:05:57.278002');
INSERT INTO "django_migrations" VALUES(53,'sessions','0001_initial','2024-06-07 13:05:57.288584');
INSERT INTO "django_migrations" VALUES(54,'chat','0001_initial','2024-06-07 13:29:45.596479');
INSERT INTO "django_migrations" VALUES(55,'chat','0002_message','2024-06-07 13:57:46.810762');
CREATE TABLE "django_session" ("session_key" varchar(40) NOT NULL PRIMARY KEY, "session_data" text NOT NULL, "expire_date" datetime NOT NULL);
INSERT INTO "django_session" VALUES('irfq99104hzu4ajpc4yhmnp3aty1hzme','.eJxVjMEOwiAQRP-FsyEL7Qr16N1vIAsLUjWQlPZk_Hdp0oOeJjNvZt7C0bZmt7W4uJnFRShx-s08hWcsO-AHlXuVoZZ1mb3cK_KgTd4qx9f16P4dZGq5r-0wAWsN4cyeQGNCMghI2iRDE6YxIAN6VJG1xaSstWP3MBjVVYH4fAHJQTad:1sFZfW:ZIb_AHUigYX78jkqDvXrwjykxuZNhFJJ7CySfSvzSHM','2024-06-21 13:30:10.799483');
DELETE FROM "sqlite_sequence";
INSERT INTO "sqlite_sequence" VALUES('django_migrations',55);
INSERT INTO "sqlite_sequence" VALUES('django_content_type',11);
INSERT INTO "sqlite_sequence" VALUES('auth_permission',44);
INSERT INTO "sqlite_sequence" VALUES('auth_group',0);
INSERT INTO "sqlite_sequence" VALUES('django_admin_log',59);
INSERT INTO "sqlite_sequence" VALUES('admin_interface_theme',1);
INSERT INTO "sqlite_sequence" VALUES('base_user',9);
INSERT INTO "sqlite_sequence" VALUES('chat_thread',27);
INSERT INTO "sqlite_sequence" VALUES('chat_thread_participants',68);
INSERT INTO "sqlite_sequence" VALUES('chat_message',21);
CREATE UNIQUE INDEX "django_content_type_app_label_model_76bd3d3b_uniq" ON "django_content_type" ("app_label", "model");
CREATE UNIQUE INDEX "auth_group_permissions_group_id_permission_id_0cd325b0_uniq" ON "auth_group_permissions" ("group_id", "permission_id");
CREATE INDEX "auth_group_permissions_group_id_b120cbf9" ON "auth_group_permissions" ("group_id");
CREATE INDEX "auth_group_permissions_permission_id_84c5c92e" ON "auth_group_permissions" ("permission_id");
CREATE UNIQUE INDEX "auth_permission_content_type_id_codename_01ab375a_uniq" ON "auth_permission" ("content_type_id", "codename");
CREATE INDEX "auth_permission_content_type_id_2f476e4b" ON "auth_permission" ("content_type_id");
CREATE UNIQUE INDEX "base_user_groups_user_id_group_id_774631b7_uniq" ON "base_user_groups" ("user_id", "group_id");
CREATE INDEX "base_user_groups_user_id_29a796b6" ON "base_user_groups" ("user_id");
CREATE INDEX "base_user_groups_group_id_c0eca7d6" ON "base_user_groups" ("group_id");
CREATE UNIQUE INDEX "base_user_user_permissions_user_id_permission_id_e9093277_uniq" ON "base_user_user_permissions" ("user_id", "permission_id");
CREATE INDEX "base_user_user_permissions_user_id_2eec4d63" ON "base_user_user_permissions" ("user_id");
CREATE INDEX "base_user_user_permissions_permission_id_0418bc02" ON "base_user_user_permissions" ("permission_id");
CREATE INDEX "django_admin_log_content_type_id_c4bce8eb" ON "django_admin_log" ("content_type_id");
CREATE INDEX "django_admin_log_user_id_c564eba6" ON "django_admin_log" ("user_id");
CREATE INDEX "django_session_expire_date_a5c62663" ON "django_session" ("expire_date");
CREATE UNIQUE INDEX "chat_thread_participants_thread_id_user_id_5b426d72_uniq" ON "chat_thread_participants" ("thread_id", "user_id");
CREATE INDEX "chat_thread_participants_thread_id_5167d8b7" ON "chat_thread_participants" ("thread_id");
CREATE INDEX "chat_thread_participants_user_id_83d3d42d" ON "chat_thread_participants" ("user_id");
CREATE INDEX "chat_message_sender_id_991c686c" ON "chat_message" ("sender_id");
CREATE INDEX "chat_message_thread_id_6a43dfba" ON "chat_message" ("thread_id");
COMMIT;
